output,timestamp
"**Cats vs. Dogs: A Comparative Analysis**

The ongoing debate between cats and dogs as the superior pet has engaged pet lovers for decades, leading to passionate arguments on both sides. While both cats and dogs provide companionship and joy to their owners, they differ significantly in their behavior, care requirements, and overall temperament. This essay explores the characteristics and advantages of owning cats versus dogs, ultimately highlighting the best choices for various types of pet owners.

When comparing the two, one of the most notable differences is their respective levels of independence and companionship. Cats are generally more independent than dogs, allowing them to thrive in solitary environments. As stated in sources, cats require less attention and exercise, which makes them ideal for busy individuals or those living in small spaces (Kinship). This independence is a double-edged sword, as while it appeals to many, it may not offer the same level of companionship that dog owners often seek. Dogs, on the other hand, are known for their loyalty and affectionate nature.

=== Sources ===
1. https://www.kinship.com/pet-behavior/cats-vs-dogs
2. https://www.thenaturaldogonline.com/content/the-pros-and-cons-of-owning-a-cat-vs-a-dog
3. https://www.diffen.com/difference/Cat_vs_Dog
4. https://www.allaboutpetsprovo.com/cats-vs-dogs.html
5. https://www.quora.com/What-are-the-pros-and-cons-of-dogs-and-cats-as-pets-What-makes-them-so-different-from-each-other",2025-11-08 16:20:44.193727
